{
  "weights": [
    0.11377387705336574,
    0.21148267421547473,
    0.04838558565959638,
    0.0666853214612931,
    0.1687195799744887,
    0.04656152028530466,
    0.10063713561180826,
    0.12930574401838218,
    0.11444856172028617
  ],
  "centroids": {
    "Budget Backpacker": [
      0.6666666666666666,
      1266.6666666666667,
      0.3333333333333333,
      3.6666666666666665,
      2.6666666666666665,
      3.6666666666666665,
      3.0,
      1.6666666666666667,
      2.6666666666666665
    ],
    "Mid-Range Comfort": [
      1.8,
      3120.0,
      1.8,
      3.0,
      4.0,
      4.2,
      1.4,
      3.2,
      4.0
    ],
    "Luxury Explorer": [
      2.5555555555555554,
      9055.555555555555,
      0.2222222222222222,
      3.5,
      1.2777777777777777,
      5.0,
      2.2777777777777777,
      4.777777777777778,
      3.611111111111111
    ],
    "Family Trip": [
      2.814814814814815,
      2242.5925925925926,
      0.35185185185185186,
      2.8518518518518516,
      3.3518518518518516,
      4.537037037037037,
      1.7407407407407407,
      2.611111111111111,
      3.7777777777777777
    ],
    "Couple Getaway": [
      1.5,
      3426.923076923077,
      0.8846153846153846,
      3.6153846153846154,
      2.1923076923076925,
      4.653846153846154,
      2.3846153846153846,
      3.3461538461538463,
      3.5
    ],
    "Solo Adventure": [
      3.090909090909091,
      2606.060606060606,
      0.42424242424242425,
      4.03030303030303,
      1.696969696969697,
      4.090909090909091,
      3.515151515151515,
      2.4242424242424243,
      2.484848484848485
    ]
  },
  "label_names": [
    "Budget Backpacker",
    "Mid-Range Comfort",
    "Luxury Explorer",
    "Family Trip",
    "Couple Getaway",
    "Solo Adventure"
  ],
  "feature_cols": [
    "destination_type",
    "avg_cost_per_day",
    "season",
    "duration_days",
    "crowd_level",
    "safety_rating",
    "adventure_level",
    "luxury_level",
    "family_friendly"
  ],
  "feature_ranges": {
    "destination_type": {
      "min": 0.0,
      "max": 6.0,
      "mean": 2.5179856115107913,
      "std": 1.8205561565679407
    },
    "avg_cost_per_day": {
      "min": 1000.0,
      "max": 18000.0,
      "mean": 3443.165467625899,
      "std": 2851.7330426814474
    },
    "season": {
      "min": 0.0,
      "max": 3.0,
      "mean": 0.5035971223021583,
      "std": 0.9085849597348986
    },
    "duration_days": {
      "min": 2.0,
      "max": 7.0,
      "mean": 3.381294964028777,
      "std": 1.027644393419804
    },
    "crowd_level": {
      "min": 1.0,
      "max": 5.0,
      "mean": 2.4820143884892087,
      "std": 1.158965787948332
    },
    "safety_rating": {
      "min": 3.0,
      "max": 5.0,
      "mean": 4.482014388489208,
      "std": 0.6273447296860905
    },
    "adventure_level": {
      "min": 1.0,
      "max": 5.0,
      "mean": 2.366906474820144,
      "std": 1.11331952204186
    },
    "luxury_level": {
      "min": 1.0,
      "max": 5.0,
      "mean": 2.985611510791367,
      "std": 0.9669771299981423
    },
    "family_friendly": {
      "min": 2.0,
      "max": 5.0,
      "mean": 3.381294964028777,
      "std": 0.7432737564484561
    }
  },
  "accuracy": 0.8,
  "cv_accuracy": 0.7341269841269842,
  "model_name": "RandomForest",
  "all_results": {
    "RandomForest": {
      "accuracy": 0.8,
      "cv_mean": 0.7341269841269842
    },
    "DecisionTree": {
      "accuracy": 0.6857142857142857,
      "cv_mean": 0.6904761904761905
    },
    "KNN": {
      "accuracy": 0.5428571428571428,
      "cv_mean": 0.5251322751322751
    }
  },
  "confusion_matrix": [
    [
      0,
      0,
      0,
      1,
      0,
      0
    ],
    [
      0,
      0,
      0,
      1,
      0,
      0
    ],
    [
      0,
      0,
      4,
      0,
      0,
      0
    ],
    [
      0,
      0,
      0,
      13,
      1,
      0
    ],
    [
      0,
      0,
      1,
      1,
      3,
      2
    ],
    [
      0,
      0,
      0,
      0,
      0,
      8
    ]
  ]
}