{
  "model_name": "RandomForest",
  "accuracy": 0.8,
  "cv_accuracy": 0.7341269841269842,
  "label_names": [
    "Budget Backpacker",
    "Mid-Range Comfort",
    "Luxury Explorer",
    "Family Trip",
    "Couple Getaway",
    "Solo Adventure"
  ],
  "feature_cols": [
    "destination_type",
    "avg_cost_per_day",
    "season",
    "duration_days",
    "crowd_level",
    "safety_rating",
    "adventure_level",
    "luxury_level",
    "family_friendly"
  ],
  "feature_importances": {
    "avg_cost_per_day": 0.21148267421547473,
    "crowd_level": 0.1687195799744887,
    "luxury_level": 0.12930574401838218,
    "family_friendly": 0.11444856172028617,
    "destination_type": 0.11377387705336574,
    "adventure_level": 0.10063713561180826,
    "duration_days": 0.0666853214612931,
    "season": 0.04838558565959638,
    "safety_rating": 0.04656152028530466
  },
  "confusion_matrix": [
    [
      0,
      0,
      0,
      1,
      0,
      0
    ],
    [
      0,
      0,
      0,
      1,
      0,
      0
    ],
    [
      0,
      0,
      4,
      0,
      0,
      0
    ],
    [
      0,
      0,
      0,
      13,
      1,
      0
    ],
    [
      0,
      0,
      1,
      1,
      3,
      2
    ],
    [
      0,
      0,
      0,
      0,
      0,
      8
    ]
  ],
  "all_results": {
    "RandomForest": {
      "accuracy": 0.8,
      "cv_mean": 0.7341269841269842
    },
    "DecisionTree": {
      "accuracy": 0.6857142857142857,
      "cv_mean": 0.6904761904761905
    },
    "KNN": {
      "accuracy": 0.5428571428571428,
      "cv_mean": 0.5251322751322751
    }
  }
}